<contentList date="26/10/2020 01:10">
  <content contentuid="h08739d43gca54g48ccgbfacg12a4a1710a45" version="1">A simple brown leather circlet. - Visuals for Male and Female Humans, Elves, Tieflings, Githyanki, Pinnacle, Dwarves, Halflings and Gnomes.</content> 
  <content contentuid="he6c99c16g6904g4c8bg8082g11cbd5340a00" version="1">Brown Leather Circlet</content>
  <content contentuid="hd735cc8dg7c9eg4942gb787g4e692cdf3c39" version="1">Two different brown boots. One is armored, the other is not. - Visuals for Male and Female Humans, Elves, Tieflings and Pinnacle.</content> 
  <content contentuid="h0456743ega964g43d8ga64dg8f870fb2acda" version="1">Mismatched Footwear 1A</content>
  <content contentuid="h0ba7883dgc812g47c7gb2f6g160acffbb861" version="1">Two different brown gloves. One is armored, the other is not. - Visuals for Male and Female Humans, Elves, Tieflings and Pinnacle.</content> 
  <content contentuid="h4b390be2g0688g4dc6g9ad1g43a345e280dc" version="1">Mismatched Gloves 1A</content>
  <content contentuid="hdb18649cge4ccg4ca5g8de4gd0a8ee1833dd" version="1">The name Clarissa is burned into the interior leather. The armor is standard issue, but apparently this Clarissa had chosen to use leather armor pants instead of studded leather armor pants. - Visuals for Male and Female Humans, Elves, Tieflings, Githyanki, Pinnacle, Dwarves, Halflings and Gnomes.</content> 
  <content contentuid="hc46c0151g1248g4543g9d05g104ca8e1aa9d" version="1">Clarissa's Studded Leather Armor +1</content>
  <content contentuid="ha2630f53g2d22g4dcegb6b4gb96525376bf7" version="1">Brown leather pauldron for left shoulder. Salvaged from a Ring Mail armor. - Visuals for Male and Female Humans, Elves, Tieflings and Pinnacle.</content> 
  <content contentuid="h0c872448g8393g44c4g88b4g0ff1ab73da14" version="1">Bloodvine Top</content>
  <content contentuid="" version="1"></content> 
  <content contentuid="" version="1"></content>
  <content contentuid="" version="1"></content> 
  <content contentuid="" version="1"></content>
  <content contentuid="" version="1"></content> 
  <content contentuid="" version="1"></content>
  <content contentuid="" version="1"></content> 
  <content contentuid="" version="1"></content>
  <content contentuid="" version="1"></content> 
  <content contentuid="" version="1"></content>
  <content contentuid="" version="1"></content> 
  <content contentuid="" version="1"></content>
</contentList>